{
    "easting": {
        "scale": -1.1867218572343583,
        "offset": 7.804340223235993
    },
    "northing": {
        "scale": 0.7304375988564592,
        "offset": 53.129083625016015
    },
    "bounds": {
        "NorthEast": [
            5.834579050272639,
            8.041916525748602
        ],
        "SouthWest": [
            -5.844135041457338,
            -8.051994144831053
        ]
    }
}