{
    "easting": {
        "scale": -4.267200168836621,
        "offset": -11.555269146542093
    },
    "northing": {
        "scale": 2.236400573759556,
        "offset": 58.99337051002546
    },
    "bounds": {
        "NorthEast": [
            14.0849524325,
            6.89313758333333
        ],
        "SouthWest": [
            -11.271937067500001,
            -6.0024957500000005
        ]
    }
}