{
    "easting": {
        "a": 0.00040187490434984125,
        "b": 0.0024326521113702095,
        "c": 0.002670020209120867,
        "d": -4.25284952695477,
        "e": 0.023935174414043133,
        "f": -11.542302333741837
    },
    "northing": {
        "a": 0.0003157241438576065,
        "b": -0.06526003496786792,
        "c": -0.0006871653164366317,
        "d": 0.007364793561116949,
        "e": 2.1473132671006327,
        "f": 60.14631548740345
    },
    "bounds": {
        "NorthEast": [
            14.0849524325,
            6.89313758333333
        ],
        "SouthWest": [
            -11.271937067500001,
            -6.0024957500000005
        ]
    }
}